slug,date,cover_status,cover_width,cover_url,description_empty,missing_caption,figures_missing_alt,residual_html,conversion_gaps,legacy_tokens,bare_angle_urls,notes
2008-10-10-new-ofr-posted,2008-10-10,missing,,,"","",1,"","","","",""
2008-10-11-whatever-happened-to-september,2008-10-11,missing,,,"","","","","","","",""
2008-12-03-have-you-read-the-law,2008-12-03,missing,,,"","","",genuine <a> link,"","","",""
2008-12-08-an-evening-of-christian-fellowship,2008-12-08,missing,,,"","","","","","","",""
2008-12-12-missionary-kodak-moments,2008-12-12,missing,,,"","","","","","","",""
2008-12-19-its-beginning-to-look-a-lot-like-christmas,2008-12-19,missing,,,"","","","","","","",""
2008-12-22-new-ofr-posted,2008-12-22,missing,,,"","","","","","","",""
2008-12-23-in-him-was-life,2008-12-23,missing,,,"","","","","","","",no `preview` — description generated from first paragraph
2008-12-27-merry-christmas,2008-12-27,missing,,,"","","",genuine <a> link,"","","",""
2009-01-02-good-and-evil-shipment-has-arrived,2009-01-02,missing,,,"","","","","",&amp;,"",""
2009-01-06-about-love-relationships,2009-01-06,missing,,,"","","",genuine <a> link,"","","",""
2009-01-10-caroling-for-comics,2009-01-10,missing,,,"","","","","","","",""
2009-01-15-keeping-busy,2009-01-15,missing,,,"","","",<strong> (renders bold as-is); genuine <a> link,"","","",""
2009-01-20-welcome-bryan-shufelt,2009-01-20,missing,,,"","","",genuine <a> link,"","","",""
2009-01-22-we-have-a-one-year-old,2009-01-22,missing,,,"","","","","","","",""
2009-01-27-this-week-in-lviv,2009-01-27,missing,,,"","","","","","","",""
2009-01-28-how-it-went-last-night,2009-01-28,missing,,,"","","","","","","",""
2009-02-04-snapshots-from-abs,2009-02-04,missing,,,"","","","","","","",""
2009-02-12-the-bible-or-the-church,2009-02-12,missing,,,"","","",underline/styling <span>,"","","",""
2009-02-14-love-at-first-height,2009-02-14,missing,,,"","","","","","","",""
2009-02-19-gospel-of-john-series-complete,2009-02-19,missing,,,"","","","","",&quot;,"",""
2009-02-25-authenticity-of-the-bible,2009-02-25,missing,,,"","","","","","","",""
2009-03-01-headed-to-krakow,2009-03-01,missing,,,"","","",genuine <a> link,"","","",""
2009-03-02-our-love-story,2009-03-02,missing,,,"","","",genuine <a> link; <sup>/<figcaption>/<br>,"","","",""
2009-03-09-our-trip-to-krakow,2009-03-09,missing,,,"","","","","","","",""
2009-03-11-how-to-study-the-bible,2009-03-11,missing,,,"","","","","","","",""
2009-03-19-pray-everyday-all-the-time-everywhere,2009-03-19,missing,,,"","","","","","","",""
2009-03-23-when-god-provides,2009-03-23,missing,,,"","","",underline/styling <span>,"","","",""
2009-03-26-snapshots-from-tuesday-night,2009-03-26,missing,,,"","","","","",&quot;,"",""
2009-04-10-proving-that-all-are-under-sin,2009-04-10,unprobed,,https://res.cloudinary.com/dnkvsijzu/image/upload/v1573570465/OFReport/2009-04-21-new-ofr-posted/all-under-sin-web-12-6_wgwuaj.jpg,"",yes,"",underline/styling <span>,"","","",""
2009-04-14-our-love-story-part-2,2009-04-14,missing,,,"","","",genuine <a> link,"","","",""
2009-04-21-new-ofr-posted,2009-04-21,unprobed,,https://res.cloudinary.com/dnkvsijzu/image/upload/v1573570465/OFReport/2009-04-21-new-ofr-posted/all-under-sin-web-12-6_wgwuaj.jpg,"",yes,"","","","","",""
2009-04-24-report-from-tuesday-night,2009-04-24,missing,,,"","","","","","","",""
2009-05-16-romans-3-the-closing-arguments,2009-05-16,missing,,,"","","",underline/styling <span>,"","","",""
2009-05-21-abs-from-nikkis-point-of-view,2009-05-21,missing,,,"","","","","","","",""
2009-05-26-some-girls-and-some-guys,2009-05-26,missing,,,"","","","","","","",""
2009-06-10-father-stepan,2009-06-10,unprobed,,https://res.cloudinary.com/dnkvsijzu/image/upload/v1573570721/OFReport/2009-06-10-father-stepan/20090607_0054-12-6_et51gk.jpg,"",yes,"","","","","",""
2009-06-14-tuesday-night-report,2009-06-14,missing,,,"","","","","","","",""
2009-07-20-the-steeles-are-coming-to-america,2009-07-20,missing,,,"","","","","","","",""
2009-07-28-america-trip-update,2009-07-28,missing,,,"","","","","","","",""
2009-08-26-the-latest,2009-08-26,missing,,,"","","",genuine <a> link,"",&amp;,"",""
2009-09-26-happy-birthday-abby,2009-09-26,missing,,,"","","","","",&quot;,"",""
2009-11-18-fixin-up-the-house,2009-11-27,missing,,,"","","","","","","",""
2009-11-18-new-ofr-posted,2009-11-18,missing,,,"","","","","","","",""
2010-02-01-new-ofr-posted,2010-02-01,missing,,,"","","","","","","",""
2010-02-08-young-mens-conference,2010-02-08,missing,,,"","","","","","","",""
2010-02-16-travels-in-alabama-tennessee,2010-02-16,missing,,,"","","","","","","",""
2010-03-23-weve-got-news,2010-03-23,missing,,,"","","",<strong> (renders bold as-is); genuine <a> link,"","","",""
2010-03-28-missions-reporting-event-in-austin,2010-03-28,missing,,,"","","",<strong> (renders bold as-is); underline/styling <span>,"","","",""
2010-04-21-still-in-the-states,2010-04-21,missing,,,"","",1,genuine <a> link,"","","",""
2010-04-30-were-back,2010-04-30,missing,,,"","","","","","","",""
2010-05-20-all-over-the-map,2010-05-20,missing,,,"","",2,"","","","",""
2010-05-22-new-ofr-posted,2010-05-22,missing,,,"","","","","","","",""
2010-06-08-weve-got-video,2010-06-08,missing,,,"","","",genuine <a> link,"","","",""
2010-06-11-mountain-trip-day-2,2010-06-11,missing,,,"","","",genuine <a> link,"","","",""
2010-06-14-abby-and-beka-say-their-verses,2010-06-14,missing,,,"","","","","","","",""
2010-06-28-recap-of-bukovets-and-kozakivka,2010-06-28,missing,,,"","","","","","","",""
2010-07-05-july-3-4-weekend-of-ministry,2010-07-05,missing,,,"","","","","","","",""
2010-08-09-back-to-the-carpathians,2010-08-09,missing,,,"","","",genuine <a> link,"","","",""
2010-08-17-three-new-videos,2010-08-17,missing,,,"","","","","","","",""
2010-09-10-skype-switcheroo,2010-09-10,missing,,,"","","",<strong> (renders bold as-is),"","","",""
2010-09-17-looking-forward-to-2012,2010-09-17,missing,,,"","",1,"","","","",""
2010-09-28-shes-five,2010-09-28,missing,,,"","","",genuine <a> link,"",&amp;,"",""
2010-10-06-bible-first,2010-10-06,unprobed,,https://res.cloudinary.com/dnkvsijzu/image/upload/v1573569649/OFReport/2010-10-06-bible-first/DSC_2704-12-6_zvecyq.jpg,"",yes,1,genuine <a> link,"",&amp;,"",""
2010-11-18-welcome-hosanna-joy,2010-11-18,missing,,,"","",2,"","","","",""
2011-02-01-magazine-interview,2011-02-01,missing,,,"","",1,genuine <a> link,"",&amp;; &hearts;; &raquo;,"",""
2011-02-05-february-ministry-report,2011-02-05,missing,,,"","","","","","","",""
2011-02-16-the-immigration-monster-rears-its-ugly-head,2011-02-16,missing,,,"","",1,"","","","",""
2011-03-02-upstream,2011-03-02,missing,,,"","","","","",&amp;,"",""
2011-03-07-a-quick-update,2011-03-07,missing,,,"","","","","","","",""
2011-03-07-march-video-report,2011-03-07,missing,,,"","","","","","","",""
2011-03-19-a-day-in-ukraine,2011-03-19,missing,,,"","","",genuine <a> link,"","","",""
2011-03-19-r-visas-in-hand,2011-03-19,missing,,,"","","",genuine <a> link,"","","",""
2011-04-20-video-report-and-other-news,2011-04-20,missing,,,"","","",genuine <a> link,"","","",""
2011-04-25-abby-beka-quote-psalm-19,2011-04-25,missing,,,"","","","","","","",""
2011-06-06-wheres-bible-first,2011-06-06,missing,,,"","",1,genuine <a> link,"","","",""
2011-08-15-news-from-the-steeles,2011-08-15,missing,,,"","","","","","","",""
2011-10-27-october-news,2011-10-27,missing,,,"","","",genuine <a> link,"","","",""
2011-11-08-life-is-colorful,2011-11-08,unprobed,,https://res.cloudinary.com/dnkvsijzu/image/upload/v1573584251/OFReport/2011-11-08-life-is-colorful/IMG_0156_opt-12-6_i4mfdy.jpg,"","",1,genuine <a> link,"",&amp;,"",""
2012-01-03-every-perfect-gift,2012-01-03,unprobed,,https://res.cloudinary.com/dnkvsijzu/image/upload/v1573583924/OFReport/2012-01-03-every-perfect-gift/fall-family-2011-12-6_tecvk5.jpg,"","","",genuine <a> link,"","","",""
2012-01-04-new-faces,2012-01-04,unprobed,,https://res.cloudinary.com/dnkvsijzu/image/upload/v1573568302/OFReport/2012-01-04-new-faces/IMG_2061-12-6_gxjjh1.jpg,"",yes,"","","",&#39;,"",""
2012-02-05-pray-open-doors,2012-02-05,unprobed,,https://res.cloudinary.com/dnkvsijzu/image/upload/v1573568056/OFReport/2012-02-05-pray-open-doors/IMG_2056-12-6_rdjtjt.jpg,"","","","","","","",""
2012-02-09-abby-beka-hebrews-11,2012-02-09,missing,,,"","","","","","","",""
2012-02-28-optical-illusion,2012-02-28,missing,,,"","",1,"","","","",""
2012-03-01-what-saith-scripture,2012-03-01,unprobed,,https://res.cloudinary.com/dnkvsijzu/image/upload/v1573567937/OFReport/2012-03-01-what-saith-scripture/IMG_1623-12-6_mdseea.jpg,"","","","","","","",""
2012-03-07-krakow,2012-03-07,unprobed,,https://res.cloudinary.com/dnkvsijzu/image/upload/v1573567774/OFReport/2012-03-07-krakow/wawel-12-6_oyb7bg.jpg,"","",2,"","","","",""
2012-03-10-family-saturday,2012-03-10,unprobed,,https://res.cloudinary.com/dnkvsijzu/image/upload/v1573567488/OFReport/2012-03-10-family-saturday/family-saturday2-12-6_zf9gfv.jpg,"","","",genuine <a> link,"",&amp;,"",""
2012-03-13-visas,2012-03-13,unprobed,,https://res.cloudinary.com/dnkvsijzu/image/upload/v1573567351/OFReport/2012-03-13-visas/IMG_1854-12-6_hhxeuq.jpg,"","","","","","","",""
2012-04-01-doors-opening-skole,2012-04-01,unprobed,,https://res.cloudinary.com/dnkvsijzu/image/upload/v1573567165/OFReport/2012-04-01-doors-opening-skole/SkoleEnglishClub33-12-6_iwgpjg.jpg,"","","","","","","",""
2012-04-05-visas-and-beyond,2012-04-05,unprobed,,https://res.cloudinary.com/dnkvsijzu/image/upload/v1573566851/OFReport/2012-04-05-visas-and-beyond/IMG_1854-12-6_idxsrr.jpg,"","","","","","","",""
2012-05-01-registered,2012-05-01,unprobed,,https://res.cloudinary.com/dnkvsijzu/image/upload/v1573566507/OFReport/2012-05-01-registered/reg-card-12-6_waewmx.jpg,"","","","","","","",""
2012-05-09-sad-turn-events,2012-05-09,missing,,,"","","","","","","",""
2012-05-15-headed-home,2012-05-15,unprobed,,https://res.cloudinary.com/dnkvsijzu/image/upload/v1573565145/OFReport/2012-05-15-headed-home/kelsie-girls-airpor-lviv-12-6_ngkxzl.jpg,"","","",<sup>/<figcaption>/<br>,"","","",""
2012-05-29-cmo-returns,2012-05-29,unprobed,,https://res.cloudinary.com/dnkvsijzu/image/upload/v1573564812/OFReport/2012-05-29-cmo-returns/scouting-trip-vimeo-12-6_fwulvz.jpg,"","","","","","","",""
2012-05-30-sinner-home,2012-05-30,missing,,,"","","","","","","",""
2012-06-18-baby-with-the-lord,2012-06-18,missing,,,"","","","","","","",""
2012-06-24-delivery-tuesday,2012-06-24,missing,,,"","","",genuine <a> link,"","","",""
2012-06-26-little-one,2012-06-26,unprobed,,https://res.cloudinary.com/dnkvsijzu/image/upload/v1573563737/OFReport/2012-06-26-little-one/2012-06-26-20.58.34-12-6_yvdmg1.jpg,"",yes,1,"","","","",""
2012-07-03-patient-faith,2012-07-03,missing,,,"","","",<video>/<audio> (self-hosted); genuine <a> link; <sup>/<figcaption>/<br>,"","","",""
2012-07-10-letter-granddad,2012-07-10,missing,,,"","","",<sup>/<figcaption>/<br>,"","","",""
2012-07-16-july-newsletter,2012-07-16,unprobed,,https://res.cloudinary.com/dnkvsijzu/image/upload/v1573563557/OFReport/2012-07-16-july-newsletter/Little-One-b-12-6_mfep3z.jpg,"","","",genuine <a> link,"","","",""
2012-08-14-faithful-men,2012-08-14,unprobed,,https://res.cloudinary.com/dnkvsijzu/image/upload/v1573563345/OFReport/2012-08-14-faithful-men/CMO-MEN_xsp8mi.jpg,"","","","","","","",""
2012-09-13-project-firsts,2012-09-13,unprobed,,https://res.cloudinary.com/dnkvsijzu/image/upload/v1573563231/OFReport/2012-09-13-project-firsts/cmo2012-team-1-12-6_xgd3xf.jpg,"","","","","","","",""
2012-09-30-subscriptions-blog,2012-09-30,missing,,,"","","",<strong> (renders bold as-is),"","","",""
2012-10-19-new-chapter,2012-10-19,unprobed,,https://res.cloudinary.com/dnkvsijzu/image/upload/v1573563077/OFReport/2012-10-19-new-chapter/IMG_5706-12-6_eqpqz9.jpg,"","","","","","","",""
2012-11-04-today-fly,2012-11-04,broken,,/2012/11/2012-11-04-12.28.39-1024x768.jpg,"","","","","","","",`image:` renamed to `cover:` (legacy value — verify URL)
2012-11-27-love-story,2012-11-27,unprobed,,https://res.cloudinary.com/dnkvsijzu/image/upload/v1573562945/OFReport/2012-11-27-love-story/IMG_7335-12-6_j3gyy4.jpg,"","","","","","","",""
2012-11-30-love-story-part-1,2012-11-30,missing,,,"","","",genuine <a> link,"","","",""
2012-12-07-love-story-part-2,2012-12-07,missing,,,"","","","","","","",""
2012-12-14-love-story-part-3,2012-12-14,missing,,,"","","","","","","",""
2012-12-21-love-story-part-4,2012-12-21,missing,,,"","","","","","","",""
2012-12-28-love-story-part-5,2012-12-28,missing,,,"","","","","","","",""
2013-01-04-love-story-part-6,2013-01-04,missing,,,"","","","","","","",""
2013-01-08-january-ofr-bible-first,2013-01-08,unprobed,,https://res.cloudinary.com/dnkvsijzu/image/upload/v1573561680/OFReport/2013-01-08-january-ofr-bible-first/bible-first-is-here-12-6_qrns7l.jpg,"","","",genuine <a> link,"","","",""
2013-01-11-love-story-part-7,2013-01-11,missing,,,"","","","","",&quot;,"",""
2013-02-13-announcing-cmo-2013,2013-02-13,unprobed,,https://res.cloudinary.com/dnkvsijzu/image/upload/v1573561465/OFReport/2013-02-13-announcing-cmo-2013/cmo-2013-logo-photo-12-6_cpckv2.jpg,"","","","","","","",""
2013-02-20-gospel-story-joseph,2013-02-20,unprobed,,https://res.cloudinary.com/dnkvsijzu/image/upload/v1573561310/OFReport/2013-02-20-gospel-story-joseph/joseph_meets_his_brothers-12-6_c03qe5.jpg,"","","",underline/styling <span>,"",&copy;; &mdash;,"",""
2013-03-14-angels,2013-03-14,missing,,,"","","","","","","",""
2013-04-13-bible-first-final-lessons,2013-04-13,unprobed,,https://res.cloudinary.com/dnkvsijzu/image/upload/v1573561117/OFReport/2013-04-13-bible-first-final-lessons/DSC_2704-12-6_iisf7y.jpg,"","","","","","","",""
2013-05-23-230k,2013-05-23,unprobed,,https://res.cloudinary.com/dnkvsijzu/image/upload/v1573560960/OFReport/2013-05-23-230k/buttya-12-6_m4rmtx.jpg,"","","","","","","",""
2013-05-25-pillars-genesis-part-1-adam,2013-05-25,missing,,,"","","",underline/styling <span>; genuine <a> link,"",&copy;; &mdash;,"",""
2013-06-01-pillars-genesis-part-2-abel,2013-06-01,missing,,,"","","",underline/styling <span>; genuine <a> link,"",&copy;; &mdash;,"",""
2013-06-08-pillars-genesis-part-3-noah,2013-06-08,missing,,,"","","",underline/styling <span>; genuine <a> link,"",&copy;; &mdash;,"",""
2013-06-15-pillars-genesis-part-4-abraham,2013-06-15,missing,,,"","","",underline/styling <span>; genuine <a> link,"",&copy;; &mdash;,"",""
2013-06-22-pillars-genesis-part-5-isaac,2013-06-22,missing,,,"","","",underline/styling <span>; genuine <a> link,"",&copy;; &mdash;,"",""
2013-06-29-pillars-genesis-part-6-jacob,2013-06-29,missing,,,"","","",underline/styling <span>; genuine <a> link,"",&copy;; &mdash;,"",""
2013-07-06-pillars-genesis-part-7-joseph,2013-07-06,missing,,,"","","",underline/styling <span>; genuine <a> link,"",&copy;; &mdash;,"",""
2013-09-03-cmo-2013-summary,2013-09-03,unprobed,,https://res.cloudinary.com/dnkvsijzu/image/upload/v1573560811/OFReport/2013-09-03-cmo-2013-summary/IMG_5772-12-6_ux7asu.jpg,"","","","","","","",""
2013-11-06-gathering-fruit,2013-11-06,unprobed,,https://res.cloudinary.com/dnkvsijzu/image/upload/v1573560705/OFReport/2013-11-06-gathering-fruit/IMG_5965-12-6_uojuwd.jpg,"","","","","","","",""
2014-01-25-position-ukraine,2014-01-25,unprobed,,https://res.cloudinary.com/dnkvsijzu/image/upload/v1573560509/OFReport/2014-01-25-position-ukraine/euromaydan-12-6_b7bbvd.jpg,"","","",genuine <a> link; <sup>/<figcaption>/<br>,"","","",""
2014-03-05-news-front,2014-03-05,unprobed,,https://res.cloudinary.com/dnkvsijzu/image/upload/v1573560258/OFReport/2014-03-05-news-front/kyiv-burning_j09ohf.jpg,"","","","","","","",""
2014-05-13-gearing-up-cmo,2014-05-13,unprobed,,https://res.cloudinary.com/dnkvsijzu/image/upload/v1573560131/OFReport/2014-05-13-gearing-up-cmo/IMG_4615-12-6_rclemh.jpg,"","","","","","","",""
2014-05-23-baby-way,2014-05-23,unprobed,,https://res.cloudinary.com/dnkvsijzu/image/upload/v1573559996/OFReport/2014-05-23-baby-way/steele-2014-12-6_s3iuym.jpg,"","","","","","","",""
2014-07-17-overcome-evil-with-good,2014-07-17,unprobed,,https://res.cloudinary.com/dnkvsijzu/image/upload/v1573559780/OFReport/2014-07-17-overcome-evil-with-good/overcome-evil-with-good-12-6_qyiwnu.jpg,"","","",underline/styling <span>; genuine <a> link,"","","",""
2014-11-03-smoky-mountain-shindig,2014-11-03,unprobed,,https://res.cloudinary.com/dnkvsijzu/image/upload/v1573559532/OFReport/2014-11-03-smoky-mountain-shindig/ofr-shindig-cover-12-6_bzlbvv.jpg,"","","",genuine <a> link,"","","",""
2015-02-09-welcome-kathryn-grace,2015-02-09,unprobed,,https://res.cloudinary.com/dnkvsijzu/image/upload/v1573558760/OFReport/2015-02-09-welcome-kathryn-grace/2015-01-05-10.41-12-6_nugqyq.jpg,"","","",genuine <a> link; <sup>/<figcaption>/<br>,"","","",""
2015-04-27-when-god-provides,2015-04-27,unprobed,,https://res.cloudinary.com/dnkvsijzu/image/upload/v1573558057/OFReport/2015-04-27-when-god-provides/steele-family-spring-20151-12-6_ia9gcd.jpg,"","","",genuine <a> link,"","","",""
2015-09-01-gaining-ground,2015-09-01,unprobed,,https://res.cloudinary.com/dnkvsijzu/image/upload/v1573557624/OFReport/2015-09-01-gaining-ground/06-IMG_6462_r7jny1.jpg,"","","","","","","",""
2015-12-28-meet-oleg,2015-12-28,unprobed,,https://res.cloudinary.com/dnkvsijzu/image/upload/v1573557516/OFReport/2015-12-28-meet-oleg/oleg-joshua_tdve7f.jpg,"","","",genuine <a> link,"","","",""
2016-04-18-parenting-seminar,2016-04-18,unprobed,,https://res.cloudinary.com/dnkvsijzu/image/upload/v1573556562/OFReport/2016-04-18-parenting-seminar/IMG_6934_ef18wu.jpg,"","","",<strong> (renders bold as-is); genuine <a> link,"","","",""
2016-06-17-meet-newest-member-steele-family,2016-06-17,unprobed,,https://res.cloudinary.com/dnkvsijzu/image/upload/v1573564402/OFReport/2016-06-17-meet-newest-member-steele-family/baby-steele-2016-crp-12-6_lvsp5c.jpg,"",yes,"","","","","",""
2016-09-22-platform-rising,2016-09-22,unprobed,,https://res.cloudinary.com/dnkvsijzu/image/upload/v1573555930/OFReport/2016-09-22-platform-rising/josh-preaching-cmo-2016_ulanjs.jpg,"","","",genuine <a> link,"","","",""
2016-12-31-translators,2016-12-31,unprobed,,https://res.cloudinary.com/dnkvsijzu/image/upload/v1573572104/OFReport/2016-12-31-translators/IMG_1900-12-6_kxzjlk.jpg,"","","","","","","",""
2017-03-29-meet-david-noble,2017-03-29,unprobed,,https://res.cloudinary.com/dnkvsijzu/image/upload/v1573405111/OFReport/2017-03-29-meet-david-noble/david-collage_dytfdl.jpg,"","","","","","","",""
2017-05-24-spring-family-photos,2017-05-24,unprobed,,https://res.cloudinary.com/dnkvsijzu/image/upload/v1573404614/OFReport/2017-05-24-spring-family-photos/steele-family-2017-12-6_xnplla.jpg,"","","","","","","",""
2017-06-13-bible-first-kids,2017-06-13,unprobed,,https://res.cloudinary.com/dnkvsijzu/image/upload/v1573401900/OFReport/2017-06-13-bible-first-kids/bible-first-kids-12-6_og2mea.jpg,"","","",<script> (podcast/embed); <blockquote> (instagram); stray <div>; genuine <a> link; <sup>/<figcaption>/<br>,"",&#39;,"",""
2017-06-29-lviv-rope-course,2017-06-29,unprobed,,https://res.cloudinary.com/dnkvsijzu/image/upload/v1573400861/OFReport/2017-06-29-lviv-rope-course/rope-course-12-6_xxdjsy.jpg,"","","",<video>/<audio> (self-hosted),"","","",""
2017-08-04-meet-ralph,2017-08-04,unprobed,,https://res.cloudinary.com/dnkvsijzu/image/upload/v1573400669/OFReport/2017-08-04-meet-ralph/meet-ralph-12-6_i0k74c.jpg,"","","",stray <div>; underline/styling <span>,"","","",""
2017-08-12-a-chance-to-give-back,2017-08-12,unprobed,,https://res.cloudinary.com/dnkvsijzu/image/upload/v1573571847/OFReport/2017-08-12-a-chance-to-give-back/mom-seminar-group-12-6_h8v4dn.jpg,"","","","","","","",""
2017-11-08-grab-bag-report,2017-11-08,unprobed,,https://res.cloudinary.com/dnkvsijzu/image/upload/v1573399280/OFReport/2017-11-08-grab-bag-report/grab-bag-cover-2000w_qwgkyh.jpg,"","","","","","","",""
2017-12-21-one-sunday-afternoon,2017-12-21,unprobed,,https://res.cloudinary.com/dnkvsijzu/image/upload/v1571938781/OFReport/2017-12-21-one-sunday-afternoon/kids-in-snow-12-6_ot5lzj.jpg,"","","","","","","",""
2018-02-05-coming-to-america,2018-02-05,unprobed,,https://res.cloudinary.com/dnkvsijzu/image/upload/v1571937734/OFReport/2018-02-05-coming-to-america/america-trip-12-6_jn4isg.jpg,"","","","","","","",""
2018-03-19-two-robes,2018-03-19,unprobed,,https://res.cloudinary.com/dnkvsijzu/image/upload/v1571909478/OFReport/2018-03-19-two-robes/two-robes-12-6_tegmbw.jpg,"","",1,<video>/<audio> (self-hosted),"","","",""
2018-06-24-sharpening-arrows,2018-06-24,unprobed,,https://res.cloudinary.com/dnkvsijzu/image/upload/v1571908949/OFReport/2018-06-24-sharpening-arrows/teaching-forum-mall-12-6_vbjilu.jpg,"","",1,"","","","",""
2018-09-30-vision-to-reality,2018-09-30,unprobed,,https://res.cloudinary.com/dnkvsijzu/image/upload/v1571908092/OFReport/2018-09-30-vision-to-reality/dobro-zlo-group-12-6_eitj7q.jpg,"","","","","","","",""
2018-11-27-to-the-ends-of-the-earth,2018-11-27,unprobed,,https://res.cloudinary.com/dnkvsijzu/image/upload/v1571818789/OFReport/2018-11-27-to-the-ends-of-the-earth/villeneuve-family-1200-630_w56o2z.jpg,"","","","","","","",""
2019-01-25-chapter-of-blessing,2019-01-25,unprobed,,https://res.cloudinary.com/dnkvsijzu/image/upload/v1571903061/OFReport/2019-01-25-chapter-of-blessing/steeles-ark-encounter-12-6_sxyaho.jpg,"","","","","",&apos;,"",""
2019-02-11-weve-got-news,2019-02-11,unprobed,,https://res.cloudinary.com/dnkvsijzu/image/upload/v1571902199/OFReport/2019-02-11-weve-got-news/baby-on-the-way-1200-630_uxyuha.jpg,"","","","","","","",""
2019-03-30-operation-library,2019-03-30,unprobed,,https://res.cloudinary.com/dnkvsijzu/image/upload/v1571900771/OFReport/2019-03-30-operation-library/dobro-i-zlo-library-05-1200-630_pmwaod.jpg,"","",10,"","","","",""
2019-06-07-calm-before-the-storm,2019-06-07,unprobed,,https://res.cloudinary.com/dnkvsijzu/image/upload/v1571898092/OFReport/2019-06-07-calm-before-the-storm/daddys-home-cover-1200-630_czmh0h.jpg,"","",1,"","",&apos;,"",""
2019-10-14-meet-mia,2019-10-14,unprobed,,https://res.cloudinary.com/dnkvsijzu/image/upload/v1571808070/OFReport/2019-10-14-meet-mia/mia-cover-1200-630_s1fflh.jpg,"","","","","",&ldquo;; &rdquo;,"",""
2019-12-13-fall-family-photos,2019-12-13,unprobed,,https://res.cloudinary.com/dnkvsijzu/image/upload/v1576234307/OFReport/2019-12-13-fall-family-photos/fall-family-cover-12-6_wfjp7q.jpg,"","",4,"","",&ldquo;; &rdquo;,"",""
2019-12-23-kade-to-ukraine,2019-12-23,unprobed,,https://res.cloudinary.com/dnkvsijzu/image/upload/v1576849900/OFReport/2019-12-23-kade-to-ukraine/kade-tracting-12-6_hyagya.jpg,"","",3,"","","","","<article-svg> link=""https://cmoproject.org/"" not supported by svg shortcode"
2020-04-10-lviv-angels,2020-04-10,unprobed,,https://res.cloudinary.com/dnkvsijzu/image/upload/v1586535433/OFReport/2020-04-10-lviv-angels/5-passengers-12-6_qbryax.jpg,"","","","","","","",""
2020-04-29-love-story-cafe,2020-04-29,unprobed,,https://res.cloudinary.com/dnkvsijzu/image/upload/v1588164627/OFReport/2020-04-29-love-story-cafe/love-story-cafe-12-6_ol9d4r.jpg,"","",10,"","","","",""
2020-05-15-little-artists-and-producers,2020-05-15,unprobed,,https://res.cloudinary.com/dnkvsijzu/image/upload/v1589535767/OFReport/2020-05-15-little-artists-and-producers/kels-and-kids-12-6_nbaxpr.jpg,"","","","","","","",""
2020-08-06-standing-in-the-gap,2020-08-06,unprobed,,https://res.cloudinary.com/dnkvsijzu/image/upload/v1596706604/OFReport/2020-08-06-standing-in-the-gap/joshua-preaching-lw-church_bouwvx.jpg,"","","","","","","",""
2020-12-08-a-time-to-write,2020-12-08,unprobed,,https://res.cloudinary.com/dnkvsijzu/image/upload/v1607372397/OFReport/2020-12-08-a-time-to-write/learning-from-atheists_wltyca.jpg,"","",2,"","","","",""
2021-03-04-an-unexpected-journey,2021-03-04,unprobed,,https://res.cloudinary.com/dnkvsijzu/image/upload/v1614876507/OFReport/2021-03-04-an-unexpected-journey/back-together-again-1200x630-ratio_gmku7v.jpg,"","","","","","","",""
2021-04-17-leaving-home-to-go-home,2021-04-17,unprobed,,https://res.cloudinary.com/dnkvsijzu/image/upload/v1618583522/OFReport/2021-04-17-leaving-home-to-go-home/flight-horizon-1200w_albzal.jpg,"","","","","","","",""
2021-06-02-bible-first-pioneers,2021-06-02,unprobed,,https://res.cloudinary.com/dnkvsijzu/image/upload/v1622125784/OFReport/2021-06-02-bible-first-pioneers/pioneers-zoom-call-12x6_er4toi.jpg,"","","","","",&nbsp;,"",""
2021-08-11-return-to-the-mountains,2021-08-11,unprobed,,https://res.cloudinary.com/dnkvsijzu/image/upload/v1628608725/OFReport/2021-08-11-return-to-the-mountains/van-house-hills-1200x630_l7ttf1.jpg,"","","","","","","",""
2021-08-19-coming-soon-to-a-neighborhood-near-you,2021-08-19,unprobed,,https://res.cloudinary.com/dnkvsijzu/image/upload/v1629396441/OFReport/2021-08-19-coming-soon-to-a-neighborhood-near-you/paper-airplane-1200x630_x5i6wv.jpg,"","",1,"","","","",""
2021-12-14-shindigs-and-such,2021-12-14,unprobed,,https://res.cloudinary.com/dnkvsijzu/image/upload/v1639497442/OFReport/2021-12-14-shindigs-and-such/shindig-main-1200-630_re996l.jpg,"","","","","","","",""
2022-01-10-gearing-up-for-cmo-2022,2022-01-10,unprobed,,https://res.cloudinary.com/dnkvsijzu/image/upload/v1641833524/OFReport/2022-01-10-gearing-up-for-cmo-2022/cmo-2022_nmptn9.jpg,"","","","","","","",""
2022-01-24-home-sweet-ukraine,2022-01-24,unprobed,,https://res.cloudinary.com/dnkvsijzu/image/upload/v1643017000/OFReport/2022-01-24-home-sweet-ukraine/steele-family-dfw-1200x630_ghza38.jpg,"","","","","","","",""
2022-02-13-are-we-safe,2022-02-13,unprobed,,https://res.cloudinary.com/dnkvsijzu/image/upload/v1644791442/OFReport/2022-02-13-are-we-safe/andriyko-podilnyk-TaWaGbjp60Q-unsplash-1200x700_yjxl0p.jpg,"","","",<script> (podcast/embed); stray <div>,"","","",""
2022-02-24-ukraine-update-lviv,2022-02-24,unprobed,,https://res.cloudinary.com/dnkvsijzu/image/upload/v1645708553/OFReport/2022-02-24-ukraine-update-lviv/max-kukurudziak-qbc3Zmxw0G8-unsplash_vobsgd.jpg,"","","",<script> (podcast/embed); stray <div>,"","","",""
2022-02-25-sirens-and-shelters,2022-02-25,unprobed,,https://res.cloudinary.com/dnkvsijzu/image/upload/v1645799180/OFReport/2022-02-25-sirens-and-shelters/eugene-z0j9Qf9jZ58-unsplash-1200x630_n3daxf.jpg,"","","",<script> (podcast/embed); stray <div>,"","","",""
2022-02-26-evac,2022-02-26,unprobed,,https://res.cloudinary.com/dnkvsijzu/image/upload/v1645910066/OFReport/2022-02-26-evac/aleksandr-paramonov-l8LzIWmfZdY-unsplash-1200x630_o4fpqr.jpg,"","","","","","","",""
2022-03-05-our-journey,2022-03-05,unprobed,,https://res.cloudinary.com/dnkvsijzu/image/upload/v1646512596/OFReport/2022-03-05-our-journey/crossing-slovakia_mbynz1.jpg,"","","",<script> (podcast/embed); stray <div>,"","","",""
2022-03-15-save-us,2022-03-15,unprobed,,https://res.cloudinary.com/dnkvsijzu/image/upload/v1647289262/OFReport/2022-03-15-save-us/chernihiv_bmmzzc.jpg,"","","",<script> (podcast/embed); stray <div>,"","","",""
2022-03-25-expanding-fronts,2022-03-25,unprobed,,https://res.cloudinary.com/dnkvsijzu/image/upload/v1648196285/OFReport/2022-03-25-expanding-fronts/home-in-zilina_wdw8p1.jpg,"","","",<script> (podcast/embed); stray <div>,"","","",""
2022-04-08-back-to-the-borders,2022-04-08,unprobed,,https://res.cloudinary.com/dnkvsijzu/image/upload/v1649529085/OFReport/2022-04-08-back-to-the-borders/abby-border-group-1200-800_yncanj.jpg,"","","",<script> (podcast/embed); stray <div>,"","","",""
2022-04-20-all-over-the-map,2022-04-20,unprobed,,https://res.cloudinary.com/dnkvsijzu/image/upload/v1650541480/OFReport/2022-04-20-all-over-the-map/air-alert-map-ua_wzwxmn.jpg,"","","",<script> (podcast/embed); stray <div>; <sup>/<figcaption>/<br>,"","","",""
2022-05-02-on-the-road-again,2022-05-02,unprobed,,https://res.cloudinary.com/dnkvsijzu/image/upload/v1651608926/OFReport/2022-05-02-on-the-road-again/valbrzych-ladies-1200w_cgaho8.jpg,"","","",<script> (podcast/embed); stray <div>,"","","",""
2022-05-16-voices-from-ukraine-serhii-and-natallia-chepara,2022-05-16,unprobed,,https://res.cloudinary.com/dnkvsijzu/image/upload/v1652695308/OFReport/2022-05-16-voices-from-ukraine-serhii-and-natallia-chepara/chepara-family-1200w_x3l6uu.jpg,"","","","","",&nbsp;,"",""
2022-06-04-digging-in-looking-ahead-to-the-long-haul,2022-06-04,unprobed,,https://res.cloudinary.com/dnkvsijzu/image/upload/v1654273597/OFReport/2022-06-04-digging-in-looking-ahead-to-the-long-haul/yura-khomitskyi-jPpRNkTvHXg-unsplash-1200x630_zbrod3.jpg,"","","",<script> (podcast/embed); stray <div>,"",&nbsp;,"",""
2022-06-11-yellow-blue-bus,2022-06-11,unprobed,,https://res.cloudinary.com/dnkvsijzu/image/upload/v1654753297/OFReport/2022-06-11-yellow-blue-bus/yellow-blue-bus-1200x630_svwum0.jpg,"","","","","","","",""
2022-06-27-moving-again,2022-06-27,unprobed,,https://res.cloudinary.com/dnkvsijzu/image/upload/v1656323330/OFReport/2022-06-27-moving-again/castle-kids-garden-1200-800_w5gqig.jpg,"","","",<script> (podcast/embed); stray <div>,"","","",""
2022-07-21-russia-and-geopolitics,2022-07-21,unprobed,,https://res.cloudinary.com/dnkvsijzu/image/upload/v1658398270/OFReport/2022-07-21-russia-and-geopolitics/ivan-lapyrin-9rGjL68h5N8-unsplash-1200-630_valqso.jpg,"","",15,<script> (podcast/embed); stray <div>,"","","",""
2022-07-25-presses-rolling,2022-07-25,unprobed,,https://res.cloudinary.com/dnkvsijzu/image/upload/v1658742389/OFReport/2022-07-25-presses-rolling/ge-print-blend_osqrye.jpg,"","",6,"","","","",""
2022-09-15-and-we-re-back,2022-09-15,unprobed,,https://res.cloudinary.com/dnkvsijzu/image/upload/v1663231077/OFReport/2022-09-15-and-we-re-back/music-outreach-1-1200x630_n2d3pm.jpg,"","","",<script> (podcast/embed); stray <div>,"","","",""
2022-10-12-voices-from-ukraine-yura-petriv,2022-10-12,unprobed,,https://res.cloudinary.com/dnkvsijzu/image/upload/v1665594252/OFReport/2022-10-12-voices-from-ukraine-yura-petriv/yura-family-1200-630_u1by2z.jpg,"","","",<script> (podcast/embed); stray <div>,"",&nbsp;,"",""
2022-11-10-good-and-evil-books-shipping,2022-11-10,unprobed,,https://res.cloudinary.com/dnkvsijzu/image/upload/v1668093980/OFReport/2022-11-10-good-and-evil-books-shipping/ge-shipping-cover-1200-630_jf8dg1.jpg,"","",2,<script> (podcast/embed); stray <div>,"","","",""
2022-12-02-the-yellow-van-rides-again,2022-12-02,unprobed,,https://res.cloudinary.com/dnkvsijzu/image/upload/v1670014802/OFReport/2022-12-02-the-yellow-van-rides-again/yellow-van-rides-again_slytin.jpg,"","","",<script> (podcast/embed); stray <div>,"","","",""
2022-12-08-body-of-christ,2022-12-08,unprobed,,https://res.cloudinary.com/dnkvsijzu/image/upload/v1670446460/OFReport/2022-12-08-body-of-christ/uff-group-1200x630_qkrcop.jpg,"","","","","","","",""
2022-12-21-back-from-ukraine-my-impressions,2022-12-21,unprobed,,https://res.cloudinary.com/dnkvsijzu/image/upload/v1671642434/OFReport/2022-12-21-back-from-ukraine-my-impressions/gg-prayer-for-yura-1200-630_wzah69.jpg,"","","",<script> (podcast/embed); stray <div>,"","","",""
2022-12-23-soldiers-perspective,2022-12-23,unprobed,,https://res.cloudinary.com/dnkvsijzu/image/upload/v1671820290/OFReport/2022-12-23-soldiers-perspective/serhii-soldier-protrait_ldygcl.jpg,"","","",<script> (podcast/embed); stray <div>,"","","",""
2023-02-01-midnight-invasion,2023-02-01,unprobed,,https://res.cloudinary.com/dnkvsijzu/image/upload/v1675277575/OFReport/2023-02-01-midnight-invasion/midnight-van_ykueq5.jpg,"","","",<script> (podcast/embed); stray <div>,"","","",""
2023-03-12-an-invitation-to-africa,2023-03-12,unprobed,,https://res.cloudinary.com/dnkvsijzu/image/upload/v1678653975/OFReport/2023-03-12-an-invitation-to-africa/africa-cover-1200-630_wwsgx3.jpg,"","","","","","","",""
2023-04-03-ukrainian-angels,2023-04-03,unprobed,,https://res.cloudinary.com/dnkvsijzu/image/upload/v1680524178/OFReport/2023-04-03-ukrainian-angels/ukrainian-angels-cover1200-630_hfkvrq.jpg,"","","",<script> (podcast/embed); stray <div>,"","","",""
2023-05-07-we-ve-made-our-decision,2023-05-07,unprobed,,https://res.cloudinary.com/dnkvsijzu/image/upload/v1683490378/OFReport/2023-05-07-we-ve-made-our-decision/ukraine-sun-flag-1200-630_hb685s.jpg,"","","",<script> (podcast/embed); stray <div>,"","",7,""
2023-06-07-countdown,2023-06-07,unprobed,,https://res.cloudinary.com/dnkvsijzu/image/upload/v1686068336/OFReport/2023-06-07-countdown/mojs-valley-1200-630_pifmfi.jpg,"","","","","","","",""
2023-07-06-cruise-missile-strike-in-lviv,2023-07-06,unprobed,,https://res.cloudinary.com/dnkvsijzu/image/upload/v1688639994/OFReport/2023-07-06-cruise-missile-strike-in-lviv/cruise-missle-attack-cover-1200-630_zrxusg.jpg,"","","",<video>/<audio> (self-hosted); <sup>/<figcaption>/<br>,"","","",""
2023-07-27-destination,2023-07-27,unprobed,,https://res.cloudinary.com/dnkvsijzu/image/upload/v1690484663/OFReport/2023-07-27-destination/kids-reunited-1200-630_n7hyuw.jpg,"","","",<script> (podcast/embed); stray <div>,"","","",""
2023-10-19-loving-ukraine,2023-10-19,unprobed,,https://res.cloudinary.com/dnkvsijzu/image/upload/v1697737974/OFReport/2023-10-19-loving-ukraine/hospital-concert-outside_jssam2.jpg,"","","",<script> (podcast/embed); stray <div>,"","","",""
2024-01-19-ministry-and-family-in-time-of-war,2024-01-19,unprobed,,https://res.cloudinary.com/dnkvsijzu/image/upload/v1705306410/OFReport/2024-01-19-ministry-and-family-in-time-of-war/marriage-retreat-cover-1200-630_wlomm3.jpg,"","",6,"","","","",""
2024-04-26-circling-the-wagons,2024-04-26,unprobed,,https://res.cloudinary.com/dnkvsijzu/image/upload/v1714070649/OFReport/2024-04-26-circling-the-wagons/mark-group-selfie_tiuisc.jpg,"","","","","",&rarr;,"",""
2024-06-13-a-miracle-for-mom,2024-06-13,unprobed,,https://res.cloudinary.com/dnkvsijzu/image/upload/v1717984416/OFReport/2024-06-13-a-miracle-for-mom/steele-clan-2024_iymwjk.jpg,"","",3,<sup>/<figcaption>/<br>,"","","",""
2024-07-31-i-remember-you,2024-07-31,unprobed,,https://res.cloudinary.com/dnkvsijzu/image/upload/v1722461795/OFReport/2024-07-31-i-remember-you/mom-collage-2024_ofb5m7.jpg,"",yes,"","","","","",""
2024-09-24-of-books-baptisms-and-blessings,2024-09-24,unprobed,,https://res.cloudinary.com/dnkvsijzu/image/upload/v1727100645/OFReport/2024-09-24-of-books-baptisms-and-blessings/books-baptisms-blessings-1200-630_p7uscg.jpg,"","",1,<video>/<audio> (self-hosted); <sup>/<figcaption>/<br>,"","","",""
2024-11-21-fall-family-photos,2024-11-21,unprobed,,https://res.cloudinary.com/dnkvsijzu/image/upload/v1732215246/OFReport/2024-11-21-fall-family-photos/family-2024-1200x630_quqqn8.jpg,"","","","","","","",""
2025-02-24-the-november-project,2025-02-24,unprobed,,https://res.cloudinary.com/dnkvsijzu/image/upload/v1739774066/OFReport/2025-02-24-the-november-project/joshua-preaching-zhytomyr-1200-630_sikh8p.jpg,"","","","","","","",""
2025-04-07-when-is-daddy-coming-home,2025-04-07,unprobed,,https://res.cloudinary.com/dnkvsijzu/image/upload/v1744053134/OFReport/2025-04-07-when-is-daddy-coming-home/chepara-cover-2300w_fadwo5.jpg,"",yes,"",<sup>/<figcaption>/<br>,"","","",""
2025-04-23-before-the-curtain-closes,2025-04-23,unprobed,,https://res.cloudinary.com/dnkvsijzu/image/upload/v1745343427/OFReport/2025-04-23-before-the-curtain-closes/good-evil-books-crowd-1-1200x630_myudya.jpg,"",yes,"","","","","",""
2025-07-06-speaking-into-the-struggle,2025-07-06,unprobed,,https://res.cloudinary.com/dnkvsijzu/image/upload/v1751742792/OFReport/2025-07-06-speaking-into-the-struggle/josh-preaching_ca5mah.png,"",yes,"","","","","",""
2025-07-29-bible-course-books-to-press-birthday-girl,2025-07-29,unprobed,,https://res.cloudinary.com/dnkvsijzu/image/upload/v1753728030/OFReport/2025-07-29-bible-course-books-to-press-birthday-girl/all-dry_kthijl.jpg,"",yes,"","","","","",""
2025-08-31-announcing-ukraine-gospel-outreach,2025-08-31,unprobed,,https://res.cloudinary.com/dnkvsijzu/image/upload/v1756660145/OFReport/2025-08-31-announcing-ukraine-gospel-outreach/UGO-Begins-Cover_wlqj5f.png,"","",1,"","","","",""
2026-03-11-we-survived,2026-03-11,unprobed,,https://res.cloudinary.com/dnkvsijzu/image/upload/v1773165396/OFReport/2026-03-11-we-survived/family-shepilska-1200w_hbeej8.jpg,"","","","","","","",""
2026-03-18-25-years-in-ukraine,2026-03-18,unprobed,,https://res.cloudinary.com/dnkvsijzu/image/upload/v1773822298/OFReport/2026-03-18-25-years-in-ukraine/25-year-anniversary-cover_mmanas.jpg,"","","","","","","",""
2026-03-31-family-update-and-new-substack,2026-03-31,unprobed,,https://res.cloudinary.com/dnkvsijzu/image/upload/v1774889043/OFReport/2026-03-31-family-update-and-new-substack/IMG_3627_hs3fbo.jpg,"","","","","","","",""
2026-05-27-teaching-serving-standing,2026-05-27,unprobed,,https://res.cloudinary.com/dnkvsijzu/image/upload/v1779824708/OFReport/2026-05-27-teaching-serving-standing/ofr-apr-may-cover_livdau,"","",2,"","","","",""
